<?xml version="1.0" encoding="UTF-8" ?>
<!--Check in version of WAS_PRD,05-02-17,bhssham:3:7q+kd4l51Ze3lXpQfVeLTH5iMoGcrJmk6HVM6jhRWOc=-->
<!DOCTYPE sqlMap PUBLIC "-//ibatis.apache.org//DTD SQL Map 2.0//EN" "http://ibatis.apache.org/dtd/sql-map-2.dtd" >
<sqlMap namespace="Ptchhsttm" >
  <resultMap id="BaseResultMap" class="ird.taas2.pt.model.Ptchhsttm" >
    <result column="ASS_YR" property="assYr" jdbcType="SMALLINT" />
    <result column="CHRG_NUM" property="chrgNum" jdbcType="INTEGER" />
    <result column="PUN" property="pun" jdbcType="CHAR" />
    <result column="OSHIP_CODE" property="oshipCode" jdbcType="SMALLINT" />
    <result column="CREATE_TS" property="createTs" jdbcType="TIMESTAMP" />
    <result column="SETM_DATE" property="setmDate" jdbcType="DATE" />
    <result column="SETM_TYPE" property="setmType" jdbcType="SMALLINT" />
    <result column="SETM_UPD_DATE" property="setmUpdDate" jdbcType="DATE" />
    <result column="SETM_AMT" property="setmAmt" jdbcType="DECIMAL" />
    <result column="SETM_RECEIPT_NUM" property="setmReceiptNum" jdbcType="INTEGER" />
    <result column="REWRITE_IND" property="rewriteInd" jdbcType="CHAR" />
  </resultMap>
 
  <sql id="Base_Column_List" >
    ASS_YR, CHRG_NUM, CREATE_TS, PUN, OSHIP_CODE, SETM_DATE, SETM_TYPE, SETM_UPD_DATE, 
    SETM_AMT, SETM_RECEIPT_NUM, REWRITE_IND
  </sql>
  <sql id="Base_Where_Clause">
	<dynamic prepend=" where " >
		<isNotNull prepend=" and " property="assYr" >
			ASS_YR = #assYr#
		</isNotNull>
		<isNotNull prepend=" and " property="chrgNum" >
			CHRG_NUM = #chrgNum#
		</isNotNull>
		<isNotNull prepend=" and " property="createTs" >
			CREATE_TS = #createTs#
		</isNotNull>
		<isNotNull prepend=" and " property="setmDate" >
			SETM_DATE = #setmDate#
		</isNotNull>
		<isNotNull prepend=" and " property="pun" >
			PUN = #pun#
		</isNotNull>
		<isNotNull prepend=" and " property="oshipCode" >
			OSHIP_CODE = #oshipCode#
		</isNotNull>
		<isNotNull prepend=" and " property="setmType" >
			SETM_TYPE = #setmType#
		</isNotNull>
		<isNotNull prepend=" and " property="setmReceiptNum" >
			SETM_RECEIPT_NUM = #setmReceiptNum#
		</isNotNull>
		<isNotNull prepend=" and " property="assignmentYear" >
			ASS_YR = #assignmentYear#
		</isNotNull>
		<isNotNull prepend=" and " property="chargeNo" >
			CHRG_NUM = #chargeNo#
		</isNotNull>
		<isNotNull prepend=" and " property="setmUpdDate">
			SETM_UPD_DATE = #setmUpdDate#
		</isNotNull>
		<isNotNull prepend=" and " property="oc" >
			OSHIP_CODE = #oc#
		</isNotNull>
		<isNotNull prepend=" and " property="yearFrom" >
			ASS_YR &gt;= #yearFrom#
		</isNotNull>
		<isNotNull prepend=" and " property="yearTo" >
			ASS_YR &lt;= #yearTo#
		</isNotNull>
		<isNotNull prepend=" and " property="setmTypeList" >
				SETM_TYPE IN 
			<iterate property="setmTypeList" open="(" close=")" conjunction=", ">
				#setmTypeList[]#
			</iterate>
		</isNotNull>
		<isNotNull prepend=" and " property="setmReceiptNumList" >
				SETM_RECEIPT_NUM IN 
			<iterate property="setmReceiptNumList" open="(" close=")" conjunction=", ">
				#setmReceiptNumList[]#
			</iterate>
		</isNotNull>
		<isNotNull prepend=" and " property="updDateExclusiveFrom" >
			SETM_UPD_DATE &gt; #updDateExclusiveFrom#
		</isNotNull>
		<isNotNull prepend=" and " property="createTsExclusiveFrom" >
			CREATE_TS &gt; #createTsExclusiveFrom#
		</isNotNull>
		<isNotNull prepend=" and " property="setmDateInclusiveFrom" >
			SETM_DATE &gt;= #setmDateInclusiveFrom#
		</isNotNull>
		<isNotNull prepend=" and " property="setmUpdDateInclusiveFrom" >
			SETM_UPD_DATE &gt;= #setmUpdDateInclusiveFrom#
		</isNotNull>
		<isNotNull prepend=" and " property="setmDateNull" >
			SETM_DATE is NULL
		</isNotNull>
		<isNotNull prepend=" and " property="setmAmt" >
			SETM_AMT &gt;= #setmAmt#
		</isNotNull>
		<isNotNull prepend=" and " property="setmDateLessEqual" >
			SETM_DATE &lt;= #setmDateLessEqual#
		</isNotNull>
		<isNotNull prepend=" and " property="setmDateGreaterEqual" >
			SETM_DATE &gt;= #setmDateGreaterEqual#
		</isNotNull>
		<isNotNull prepend=" and " property="setmDateLess" >
			SETM_DATE &lt; #setmDateLess#
		</isNotNull>
		<isNotNull prepend=" and " property="setmDateGreater" >
			SETM_DATE &gt; #setmDateGreater#
		</isNotNull>
	</dynamic>
  </sql>
  
  <sql id="Base_OrderBy_Clause">
  	<dynamic prepend=" order by " >
  		<isNotNull property="orderbyCreateTsDesc">
  			CREATE_TS desc
  		</isNotNull>
  		<isNotNull property="orderBySetmdateDesc">
  			SETM_DATE desc
  		</isNotNull>
  		<isNotNull property="orderBySetmUpdDateDesc">
  			SETM_UPD_DATE desc
  		</isNotNull>
		<isNotNull property="orderByAssYrdescChrgNumAsc">
  			SETM_DATE asc, SETM_RECEIPT_NUM desc
  		</isNotNull>
  		 <isNotNull property="orderByCreateTsSetmDateReceiptNoDesc">
  			CREATE_TS desc, SETM_DATE desc, SETM_RECEIPT_NUM desc
  		</isNotNull>
  	</dynamic>
  </sql>
  
  <select id="selectAllByCriteria" resultMap="BaseResultMap" parameterClass="map">
 	select 
    	<include refid="Base_Column_List" />
    from TBL_PTCHHSTTM
    	<include refid="Base_Where_Clause"/>
    	<include refid="Base_OrderBy_Clause"/>
	</select>
  <select id="selectCountByCriteria" resultClass="java.lang.Integer" parameterClass="map">
 	select 
		count(*) 
    from TBL_PTCHHSTTM
    	<include refid="Base_Where_Clause"/>
  </select>
  <select id="selectSumSetmAmtByCriteria" resultClass="java.math.BigDecimal" parameterClass="map">
 	select 
		SUM(TBL_PTCHHSTTM.SETM_AMT) 
    from TBL_PTCHHSTTM
    	<include refid="Base_Where_Clause"/>
  </select>
  <insert id="insert" parameterClass="ird.taas2.pt.model.Ptchhsttm" >
    insert into TBL_PTCHHSTTM (ASS_YR, CHRG_NUM, CREATE_TS, PUN, OSHIP_CODE, 
      SETM_DATE, SETM_TYPE, SETM_UPD_DATE, SETM_AMT, SETM_RECEIPT_NUM, 
      REWRITE_IND)
    values (#assYr:SMALLINT#, #chrgNum:INTEGER#, #createTs:TIMESTAMP#, #pun:CHAR#, #oshipCode:SMALLINT#, 
      #setmDate:DATE#, #setmType:SMALLINT#, #setmUpdDate:DATE#, #setmAmt:DECIMAL#, #setmReceiptNum:INTEGER#, 
      #rewriteInd:CHAR#)
  </insert>
  <insert id="insertSelective" parameterClass="ird.taas2.pt.model.Ptchhsttm" >
    insert into TBL_PTCHHSTTM
    <dynamic prepend="(" >
      <isNotNull prepend="," property="assYr" >
        ASS_YR
      </isNotNull>
      <isNotNull prepend="," property="chrgNum" >
        CHRG_NUM
      </isNotNull>
      <isNotNull prepend="," property="createTs" >
        CREATE_TS
      </isNotNull>
      <isNotNull prepend="," property="pun" >
        PUN
      </isNotNull>
      <isNotNull prepend="," property="oshipCode" >
        OSHIP_CODE
      </isNotNull>
      <isNotNull prepend="," property="setmDate" >
        SETM_DATE
      </isNotNull>
      <isNotNull prepend="," property="setmType" >
        SETM_TYPE
      </isNotNull>
      <isNotNull prepend="," property="setmUpdDate" >
        SETM_UPD_DATE
      </isNotNull>
      <isNotNull prepend="," property="setmAmt" >
        SETM_AMT
      </isNotNull>
      <isNotNull prepend="," property="setmReceiptNum" >
        SETM_RECEIPT_NUM
      </isNotNull>
      <isNotNull prepend="," property="rewriteInd" >
        REWRITE_IND
      </isNotNull>
      )
    </dynamic>
    values
    <dynamic prepend="(" >
      <isNotNull prepend="," property="assYr" >
        #assYr:SMALLINT#
      </isNotNull>
      <isNotNull prepend="," property="chrgNum" >
        #chrgNum:INTEGER#
      </isNotNull>
      <isNotNull prepend="," property="createTs" >
        #createTs:TIMESTAMP#
      </isNotNull>
      <isNotNull prepend="," property="pun" >
        #pun:CHAR#
      </isNotNull>
      <isNotNull prepend="," property="oshipCode" >
        #oshipCode:SMALLINT#
      </isNotNull>
      <isNotNull prepend="," property="setmDate" >
        #setmDate:DATE#
      </isNotNull>
      <isNotNull prepend="," property="setmType" >
        #setmType:SMALLINT#
      </isNotNull>
      <isNotNull prepend="," property="setmUpdDate" >
        #setmUpdDate:DATE#
      </isNotNull>
      <isNotNull prepend="," property="setmAmt" >
        #setmAmt:DECIMAL#
      </isNotNull>
      <isNotNull prepend="," property="setmReceiptNum" >
        #setmReceiptNum:INTEGER#
      </isNotNull>
      <isNotNull prepend="," property="rewriteInd" >
        #rewriteInd:CHAR#
      </isNotNull>
      )
    </dynamic>
  </insert>
 
 	<select id="selectRecordListByCriteria" resultMap="BaseResultMap" parameterClass="map">
 	select 
    	<include refid="Base_Column_List" />
    from TBL_PTCHHSTTM
    	<include refid="Base_Where_Clause"/>
    ORDER BY SETM_UPD_DATE DESC FETCH FIRST 5 ROWS ONLY
	</select>
	
	<select id="selectRecordListBySetmDate" resultMap="BaseResultMap" parameterClass="map">
 	select 
    	<include refid="Base_Column_List" />
    from TBL_PTCHHSTTM
    	<include refid="Base_Where_Clause"/>
    ORDER BY SETM_DATE DESC FETCH FIRST 3 ROWS ONLY
	</select>
	
	<select id="getPtChsttmCashList" resultMap="BaseResultMap" parameterClass="map">
 	select 
    	<include refid="Base_Column_List" />
    from TBL_PTCHHSTTM
    	<include refid="Base_Where_Clause"/>
    	and SETM_TYPE in ('707', '708')
    	and SETM_UPD_DATE <![CDATA[<]]> #setmUpdDate#
	</select>
	
	<select id="getPtChsttmCheqList" resultMap="BaseResultMap" parameterClass="map">
 	select 
    	<include refid="Base_Column_List" />
    from TBL_PTCHHSTTM
    	<include refid="Base_Where_Clause"/>
    	and SETM_TYPE in ('704', '709', '710', '711')
    	and SETM_UPD_DATE <![CDATA[<]]> #setmUpdDate#
	</select>
	
	<select id="getSttmCashOrChqeList" resultMap="BaseResultMap" parameterClass="map">
		SELECT <include refid="Base_Column_List" /> FROM(
		SELECT <include refid="Base_Column_List" /> FROM TBL_PTCHHSTTM  
		<include refid="Base_Where_Clause"/>
		AND SETM_TYPE IN ('704', '709', '710', '711','707', '708')
		ORDER BY SETM_UPD_DATE DESC, CREATE_TS DESC
		FETCH FIRST 1 ROWS ONLY)
		WHERE (SETM_TYPE IN ('704', '709', '710', '711') AND SETM_UPD_DATE <![CDATA[<]]> #setmUpdDateCheq:DATE#)
		OR
		(SETM_TYPE IN ('707', '708') AND SETM_UPD_DATE <![CDATA[<]]> #setmUpdDateCash:DATE#)
	</select>

	<select id="selectRecordListByCriteriaAll" resultMap="BaseResultMap" parameterClass="map">
		select 
			<include refid="Base_Column_List" />
		from TBL_PTCHHSTTM
			<include refid="Base_Where_Clause"/>
		ORDER BY SETM_UPD_DATE DESC
	</select>
	
 
</sqlMap>
