<?xml version="1.0" encoding="UTF-8"?>
<!-- Produced by Beyond Compare 3 from Scooter Software -->
<BCCommands>
	<TDataCompareCommands>
		<Toolbars>
			<SessionsBar Value="TopDock;;;0"/>
			<DisplayFiltersBar Value="TopDock;;;1"/>
			<EditBar Value="TopDock;;;2"/>
			<SearchBar Value="TopDock;;;3"/>
			<ViewBar Value="TopDock;;;4"/>
		</Toolbars>
	</TDataCompareCommands>
	<TDirCompareCommands>
		<Toolbars>
			<SessionsBar Value="TopDock;;;0;603;140"/>
			<DisplayFiltersBar Value="TopDock;;;114"/>
			<ActionsBar Value="TopDock;;;315;797;122"/>
			<EditBar Value="TopDock;;;930;1661;73"/>
			<FileFiltersBar Value="TopDock;;;519;417;203"/>
		</Toolbars>
	</TDirCompareCommands>
	<TDirSyncCommands>
		<Toolbars>
			<SessionsBar Value="TopDock;;;0"/>
		</Toolbars>
	</TDirSyncCommands>
	<THexCompareCommands>
		<Toolbars>
			<SessionsBar Value="TopDock;;;0"/>
			<DisplayFiltersBar Value="TopDock;;;1"/>
			<SearchBar Value="TopDock;;;2"/>
			<ViewBar Value="TopDock;;;3"/>
		</Toolbars>
	</THexCompareCommands>
	<TPixCompareCommands>
		<Toolbars>
			<SessionsBar Value="TopDock;;;0"/>
			<DisplayFiltersBar Value="TopDock;;;1"/>
			<EditBar Value="TopDock;;;2"/>
			<ViewBar Value="TopDock;;;3"/>
		</Toolbars>
	</TPixCompareCommands>
	<TTextCompareCommands>
		<Items>
			<OverUnderAction Value=";;True"/>
			<SideBySideAction Value=";;True"/>
		</Items>
		<Toolbars>
			<SessionsBar Value="TopDock;;;0"/>
			<DisplayFiltersBar Value="TopDock;;;117"/>
			<EditBar Value="TopDock;;;308"/>
			<SearchBar Value="TopDock;;;552"/>
			<ViewBar Value="TopDock;;;371"/>
		</Toolbars>
	</TTextCompareCommands>
	<TTextEditCommands>
		<Toolbars>
			<SessionsBar Value="TopDock;;;0"/>
			<StandardBar Value="TopDock;;;1"/>
		</Toolbars>
	</TTextEditCommands>
	<TTextMergeCommands>
		<Toolbars>
			<SessionsBar Value="TopDock;;;0"/>
			<DisplayFiltersBar Value="TopDock;;;1"/>
			<EditBar Value="TopDock;;;2"/>
			<SearchBar Value="TopDock;;;3"/>
			<ViewBar Value="TopDock;;;4"/>
		</Toolbars>
	</TTextMergeCommands>
	<TVerCompareCommands>
		<Toolbars>
			<SessionsBar Value="TopDock;;;0"/>
			<DisplayFiltersBar Value="TopDock;;;1"/>
			<EditBar Value="TopDock;;;2"/>
			<SearchBar Value="TopDock;;;3"/>
			<ViewBar Value="TopDock;;;4"/>
		</Toolbars>
	</TVerCompareCommands>
</BCCommands>
