<?xml version="1.0" encoding="UTF-8"?>
<!-- Produced by Beyond Compare 3 from Scooter Software -->
<BCFileFormats>
	<TTextFormat Value="%02CPP">
		<UseRes Value="True"/>
	</TTextFormat>
	<TTextFormat Value="%02COBOL">
		<UseRes Value="True"/>
	</TTextFormat>
	<TDataFormat Value="%02CSV">
		<UseRes Value="True"/>
	</TDataFormat>
	<TTextFormat Value="%02DFM">
		<UseRes Value="True"/>
	</TTextFormat>
	<TTextFormat Value="%02PAS">
		<UseRes Value="True"/>
	</TTextFormat>
	<TVerFormat Value="%02EXE">
		<UseRes Value="True"/>
	</TVerFormat>
	<TTextFormat Value="%02HTML">
		<Mask Value="*.asp;*.ascx;*.aspx;*.htm;*.html;*.jsp"/>
		<UseRes Value="True"/>
	</TTextFormat>
	<TTextFormat Value="%02JAVA">
		<UseRes Value="True"/>
	</TTextFormat>
	<TMP3Format Value="%02MP3">
		<UseRes Value="True"/>
	</TMP3Format>
	<TDataFormat Value="%02MSEXCEL">
		<UseRes Value="True"/>
	</TDataFormat>
	<TTextFormat Value="%02MSWORD">
		<UseRes Value="True"/>
	</TTextFormat>
	<TTextFormat Value="%02PDF">
		<UseRes Value="True"/>
	</TTextFormat>
	<TTextFormat Value="%02PERL">
		<UseRes Value="True"/>
	</TTextFormat>
	<TPixFormat Value="%02PIX">
		<UseRes Value="True"/>
	</TPixFormat>
	<TTextFormat Value="%02PYTHON">
		<UseRes Value="True"/>
	</TTextFormat>
	<TTextFormat Value="%02REG">
		<UseRes Value="True"/>
	</TTextFormat>
	<TTextFormat Value="%02RTF">
		<UseRes Value="True"/>
	</TTextFormat>
	<TTextFormat Value="%02SORT">
		<UseRes Value="True"/>
	</TTextFormat>
	<TTextFormat Value="%02SQL">
		<UseRes Value="True"/>
	</TTextFormat>
	<TTextFormat Value="%02VB">
		<UseRes Value="True"/>
	</TTextFormat>
	<TTextFormat Value="%02XML">
		<UseRes Value="True"/>
	</TTextFormat>
</BCFileFormats>
