<?xml version="1.0" encoding="UTF-8"?>
<!-- Produced by Beyond Compare 3 from Scooter Software -->
<BCPreferences>
	<TBcPrefs>
		<BackupOnSaveKeepReadOnly Value="False"/>
		<TabsConfirmClose Value="False"/>
		<Workspaces>
			<Item Value="Local_vs_UAT">
				<Windows>
					<_0>
						<PosStr Value="63;246;1695;1003;3"/>
						<Tabs>
							<_0>
								<TDirCompareSession Value="">
									<Filters>
										<NameFilter Value="-*.class;-bin\"/>
									</Filters>
									<Rules>
										<UseContentComparison Value="True"/>
										<UseTimestampComparison Value="False"/>
									</Rules>
									<Specs>
										<Left Value="D:\EclipseWorkSpace\"/>
										<Right Value="D:\ccshare\ClearCase_View\kclai_view\TAAS2_DEV\Application\Common"/>
									</Specs>
									<State>
										<DisplayFilter Value="[showLeftAdded, showRightAdded, showLeftChanged, showRightChanged, showConflict]"/>
									</State>
								</TDirCompareSession>
								<ZOrder Value="1"/>
							</_0>
							<_1>
								<TDirCompareSession Value="">
									<Filters>
										<NameFilter Value="-*.class;-bin\"/>
									</Filters>
									<Rules>
										<UseContentComparison Value="True"/>
										<UseTimestampComparison Value="False"/>
									</Rules>
									<Specs>
										<Left Value="D:\EclipseWorkSpace\IR_Common"/>
										<Right Value="D:\ccshare\ClearCase_View\kclai_view\TAAS2_DEV\Application\Common\IR_Common"/>
									</Specs>
									<State>
										<DisplayFilter Value="[showLeftAdded, showRightAdded, showLeftChanged, showRightChanged, showConflict]"/>
										<SortCol Value="colModified"/>
										<SortDown Value="True"/>
										<SortSide Value="dsRight"/>
									</State>
								</TDirCompareSession>
								<ZOrder Value="0"/>
							</_1>
						</Tabs>
						<ZOrder Value="0"/>
					</_0>
				</Windows>
			</Item>
		</Workspaces>
	</TBcPrefs>
	<TDirPrefs>
		<DiffFGColor Value="$0066FF"/>
		<FilterPresets Value="All files (*.*)%0AC++ source (*.cpp;*.hpp;*.c;*.h;*.cc)%0ADelphi source (*.pas;*.inc;*.dfm;*.nfm;*.xfm;*.dpr;*.dpk)%0AHTML source (*.htm;*.html;*.xml;*.jpg;*.gif;*.png)%0AJava source (*.java;*.jj;*.jjt)%0A-*.class;-bin\;-classes\;-build\;-test\%0A"/>
	</TDirPrefs>
	<TOpPrefs>
		<ConfirmMove Value="False"/>
	</TOpPrefs>
</BCPreferences>
