<?xml version="1.0" encoding="UTF-8"?>
<!-- Produced by Beyond Compare 3 from Scooter Software -->
<BCState>
	<TBcState>
		<FirstStartup Value="False"/>
		<FormPosStr Value="638;103;1761;842"/>
	</TBcState>
	<TBrowseState>
		<FormPosStr Value="-1206;264;-714;777"/>
	</TBrowseState>
	<TCheckForUpdatesState>
		<Build Value="18981"/>
		<CheckID Value="134391194943"/>
		<FormPosStr Value="2619;337;3141;702"/>
		<LastChecked Value="2021-11-12 10:14:17"/>
	</TCheckForUpdatesState>
	<TDataCompareState>
		<LeftMRUSpecs>
			<_0 Value="D:\Round_3_Auto\temp\db dump\temp\TSIT0410_DB_DUMP\TBL_PFBPPFINF.csv"/>
			<_1 Value="D:\User\jackyau2\csvDbeaver\TBL_HANDSHAKE.csv"/>
			<_2 Value="D:\User\jackyau2\csvDbeaver\TBL_CTCNASSRF.csv"/>
			<_3 Value="D:\User\jackyau2\csvDbeaver\TBL_CTCNASSNS.csv"/>
			<_4 Value="D:\User\jackyau2\csvDbeaver\TBL_BRHSCMNOT.csv"/>
			<_5 Value="D:\User\jackyau2\csvDbeaver\TBL_BRAPAMAIN.csv"/>
			<_6 Value="D:\User\jackyau2\csvDbeaver\TBL_BRAPABRCH.csv"/>
			<_7 Value="D:\User\jackyau2\csvDbeaver\TBL_BRALBRNAL.csv"/>
			<_8 Value="D:\User\jackyau2\csv_tsit0383\TBL_BRBPBRNCH.csv"/>
		</LeftMRUSpecs>
		<MRUFonts>
			<_0 Value="Consolas;10"/>
		</MRUFonts>
		<RightMRUSpecs>
			<_0 Value="D:\User\jackyau2\csv\TBL_PFBPPFINF.csv"/>
			<_1 Value="D:\Round_3_Auto\temp\db dump\temp\TSIT0410_DB_DUMP\TBL_HANDSHAKE.csv"/>
			<_2 Value="D:\Round_3_Auto\temp\db dump\temp\TSIT0410_DB_DUMP\TBL_CTCNASSRF.csv"/>
			<_3 Value="D:\Round_3_Auto\temp\db dump\temp\TSIT0410_DB_DUMP\TBL_CTCNASSNS.csv"/>
			<_4 Value="D:\Round_3_Auto\temp\db dump\temp\TSIT0410_DB_DUMP\TBL_BRHSCMNOT.csv"/>
			<_5 Value="D:\Round_3_Auto\temp\db dump\temp\TSIT0410_DB_DUMP\TBL_BRAPAMAIN.csv"/>
			<_6 Value="D:\Round_3_Auto\temp\db dump\temp\TSIT0410_DB_DUMP\TBL_BRAPABRCH.csv"/>
			<_7 Value="D:\Round_3_Auto\temp\db dump\temp\TSIT0410_DB_DUMP\TBL_BRALBRNAL.csv"/>
			<_8 Value="D:\User\jackyau2\csvDbeaver_tsit0383\TBL_BRBPBRNCH.csv"/>
		</RightMRUSpecs>
	</TDataCompareState>
	<TDataReportState>
		<IncludeNums Value="True"/>
		<OutputFormat Value="ofHTML"/>
	</TDataReportState>
	<TDirCompareState>
		<LeftMRUSpecs>
			<_0 Value="T:\jackyau\AutoSync2\ccshare\jyyau_view_ClearCase_MTN\TAAS2_UAT\CloudMigration\Application"/>
			<_1 Value="D:\Git_repo\cloud-migration\Application"/>
			<_2 Value="D:\helper_tmp\WarningFiles"/>
			<_3 Value="D:\helper_tmp\AutoSyncFiles"/>
			<_4 Value="T:\jackyau\新增資料夾 (2)"/>
			<_5 Value="D:\helper_tmp\WarningFiles\Configuration"/>
			<_6 Value="D:\helper_tmp\WarningFiles\Configuration\WS"/>
			<_7 Value="T:\jackyau\output22\TAAS2_UAT\CloudMigration\Application"/>
			<_8 Value="D:\User\1.MybatisConvertor\AutoSyncFiles"/>
		</LeftMRUSpecs>
		<LogHeight Value="132"/>
		<MRUFilters>
			<_0 Value="-*.class;-bin\;-build\;-test\;-classes\;-bin\"/>
			<_1 Value="-*.class;-*.bak;-*log4j.properties;-*.keep;-bin\;-build\;-test\;-classes\;-bin\"/>
			<_2 Value="-*.class;-*.bak;-*log4j.properties;-bin\;-build\;-test\;-classes\;-bin\"/>
			<_3 Value="-*.class;-*.bak;-bin\;-build\;-test\;-classes\;-bin\"/>
			<_4 Value="*Pcdlp1PutLPWorker.*;-*.class;-bin\;-build\;-test\;-classes\;-bin\"/>
			<_5 Value="-*$1.class;-*$2.class"/>
			<_6 Value="-*.class;-bin\;-build\;-test\;-classes\"/>
			<_7 Value="-*$1.class"/>
			<_8 Value="-*$"/>
		</MRUFilters>
		<RightMRUSpecs>
			<_0 Value="D:\Git_repo\cloud-migration\Application"/>
			<_1 Value="D:\ccshare\jyyau_view_ClearCase_MTN\TAAS2_UAT\CloudMigration\Application"/>
			<_2 Value="D:\ccshare\jyyau_view_ClearCase_MTN\TAAS2_UAT\CloudMigration\Framework\TAAS2_Login\WebContent\WEB-INF"/>
			<_3 Value="D:\ccshare\jyyau_view_ClearCase_MTN\TAAS2_UAT\CloudMigration\Configuration"/>
			<_4 Value="D:\ccshare\jyyau_view_ClearCase_MTN\TAAS2_UAT\CloudMigration\Configuration\WS"/>
			<_5 Value="D:\ccshare\jyyau_view_ClearCase_MTN\TAAS2_UAT\CloudMigration"/>
			<_6 Value="D:\ccshare\jyyau_view_ClearCase_MTN\TAAS2_UAT"/>
			<_7 Value="D:\ccshare\jyyau_view_ClearCase_MTN\TAAS2_UAT\"/>
			<_8 Value="T:\jackyau\test"/>
		</RightMRUSpecs>
		<SessionFormPosStr Value="710;190;1278;767"/>
	</TDirCompareState>
	<TDirFindFilenameState>
		<FindItems>
			<_0 Value="1116"/>
			<_1 Value="checkBox.jsp"/>
			<_2 Value="Irf007aDetail"/>
			<_3 Value="Irksecuur"/>
			<_4 Value="irdfuregDao"/>
			<_5 Value="vhis"/>
			<_6 Value="ctm05"/>
			<_7 Value="522"/>
			<_8 Value="Ptfchqe.xml"/>
		</FindItems>
		<Wrap Value="True"/>
	</TDirFindFilenameState>
	<TDirInfoState>
		<FormPosStr Value="616;266;1153;714"/>
	</TDirInfoState>
	<TDirOpErrorsState>
		<FormPosStr Value="744;319;1175;720"/>
	</TDirOpErrorsState>
	<TDirReportState>
		<OutputFormat Value="ofHTML"/>
	</TDirReportState>
	<TDirSyncState>
		<LeftMRUSpecs>
			<_0 Value="D:\EclipseWorkSpace\CT_Batch_CTDOL\Application\"/>
		</LeftMRUSpecs>
		<MRUFilters>
			<_0 Value="-*.class;-bin\;-build\;-test\;-classes\;-bin\"/>
		</MRUFilters>
		<RightMRUSpecs>
			<_0 Value="D:\ccshare\ClearCase_View\kclai_main_view\TAAS2_DEV\Application\"/>
		</RightMRUSpecs>
	</TDirSyncState>
	<TExportState>
		<FormPosStr Value="733;322;1187;717"/>
		<MRUDir Value="D:\MyIRDProject\C_Drive_Backup_20191213\BeyondCompare 3"/>
	</TExportState>
	<TFileFormatManagerState>
		<FormPosStr Value="-1409;199;-512;841"/>
	</TFileFormatManagerState>
	<THexCompareState>
		<LeftMRUSpecs>
			<_0 Value="C:\Users\jyyau\Desktop\Man\Test2_Jar\ird\taas2\pt\model\tc\tc5722\TC5722.class"/>
			<_1 Value="C:\Users\jyyau\Desktop\Man\Program_Bin\bin\ird\taas2\pt\model\Ptptss16n.class"/>
			<_2 Value="C:\Users\jyyau\Desktop\Man\Program_Bin\bin\ird\taas2\pt\model\TmpPtfty4voKey.class"/>
			<_3 Value="C:\Users\jyyau\Desktop\Man\Program_Bin\bin\ird\taas2\pt\model\TmpPtfty4voExample.class"/>
			<_4 Value="D:\EPS\Project\EPS6\Global\Resource\Table\EPS6_CONFIG.tbl.dcres"/>
			<_5 Value="D:\EPS\Project\EPS6\Global\Resource\Table\EPS6_BATCH.tbl.dcres"/>
			<_6 Value="D:\EPS\Project\EPS6\Sub\IRC6422\IRC6422_StoryTeller.dcprocess"/>
		</LeftMRUSpecs>
		<MRUFonts>
			<_0 Value="Consolas;10"/>
		</MRUFonts>
		<RightMRUSpecs>
			<_0 Value="T:\jackyau\jar\ird\taas2\pt\model\tc\tc5722\TC5722.class"/>
			<_1 Value="C:\Users\jyyau\Desktop\Man\Test2_Jar\ird\taas2\batch\ct\ctdaf2\Ctpb31dWorker$1.class"/>
			<_2 Value="C:\Users\jyyau\Desktop\Man\Test2_Jar\ird\taas2\pt\model\Ptptss16n.class"/>
			<_3 Value="C:\Users\jyyau\Desktop\Man\Test2_Jar\ird\taas2\pt\model\TmpPtfty4voKey.class"/>
			<_4 Value="C:\Users\jyyau\Desktop\Man\Test2_Jar\ird\taas2\pt\model\TmpPtfty4voExample.class"/>
			<_5 Value="D:\ccshare\ClearCase_View\kclai_core_view\TAAS2_DEV\EPS\Project\EPS6\Global\Resource\Table\EPS6_CONFIG.tbl.dcres"/>
			<_6 Value="D:\ccshare\ClearCase_View\kclai_core_view\TAAS2_DEV\EPS\Project\EPS6\Global\Resource\Table\EPS6_BATCH.tbl.dcres"/>
			<_7 Value="D:\ccshare\ClearCase_View\kclai_core_view\TAAS2_DEV\EPS\Project\EPS6\Sub\IRC6422\IRC6422_StoryTeller.dcprocess"/>
		</RightMRUSpecs>
	</THexCompareState>
	<THomeState>
		<EditHeight Value="520"/>
		<EditWidth Value="978"/>
		<OpenWidth Value="262"/>
		<SessionType Value="TDirCompareSession"/>
	</THomeState>
	<TOpCopyToState>
		<DirStructure Value="ctFlatten"/>
		<MRUDestination>
			<_0 Value="D:\LamLam School Photo\ALL"/>
			<_1 Value="D:\MyIRDProject\Cloud Migration\WorkSpaces\"/>
			<_2 Value="D:\MyIRDProject\Cloud Migration\WorkSpaces\MyLibrary"/>
			<_3 Value="D:\MyIRDProject\Cloud Migration\WorkSpaces\Source_Codes\Batch\CTDAS\MIssing"/>
			<_4 Value="D:\MyIRDProject\TC0525\Source Code fix for PA Elect incon\20200110"/>
			<_5 Value="D:\MyIRDProject\TC0525\Source Code fix for PA Elect incon"/>
			<_6 Value="Z:\tc0522\ErrorCodeScanner"/>
			<_7 Value="D:\MyIRDProject\tc0522\DiffSync\WAS_PRD_vs_BAT_PRD_20190301\BAT_PRD"/>
			<_8 Value="D:\MyIRDProject\tc0522\DiffSync\WAS_PRD_vs_BAT_PRD_20190301\WAS_PRD"/>
		</MRUDestination>
	</TOpCopyToState>
	<TOpSyncState>
		<FormPosStr Value="2640;296;3120;744"/>
	</TOpSyncState>
	<TPixCompareState>
		<LeftMRUSpecs>
			<_0 Value="Q:\IR1E\Cloud Migration\Phase I - Support for Chrome Browser\screen dump\before_change\PE\0101_PEM1012.png"/>
			<_1 Value="Q:\IR1E\Cloud Migration\Phase I - Support for Chrome Browser\screen dump\before_change\PE\0152_PEM1522.png"/>
		</LeftMRUSpecs>
	</TPixCompareState>
	<TReportPreviewState>
		<FormPosStr Value="666;249;1254;790;3"/>
	</TReportPreviewState>
	<TSessionSaveAsState>
		<FormPosStr Value="-1161;240;-760;799"/>
	</TSessionSaveAsState>
	<TTextCompareState>
		<LeftMRUSpecs>
			<_0 Value="T:\jackyau\AutoSync2\ccshare\jyyau_view_ClearCase_MTN\TAAS2_UAT\CloudMigration\Application\Common\IR_Common\src\ird\taas2\ir\model\TmpIrfusrrky.xml"/>
			<_1 Value="T:\jackyau\AutoSync2\ccshare\jyyau_view_ClearCase_MTN\TAAS2_UAT\CloudMigration\Application\Common\IR_Common\src\ird\taas2\ir\dao\TmpIrfusrrkyDao.java"/>
			<_2 Value="T:\jackyau\AutoSync2\ccshare\jyyau_view_ClearCase_MTN\TAAS2_UAT\CloudMigration\Application\Common\IR_Common\src\ird\taas2\ir\dao\impl\TmpIrfusrrkyDaoImpl.java"/>
			<_3 Value="T:\jackyau\AutoSync2\ccshare\jyyau_view_ClearCase_MTN\TAAS2_UAT\CloudMigration\Application\Batch\IR_Batch\src\ird\taas2\batch\ir\irdsg1\IrdsgIrpb115Worker.java"/>
			<_4 Value="D:\Git_repo\cloud-migration\Application\Common\IR_Common\src\ird\taas2\ct\common\Ctnckdbo.java"/>
			<_5 Value="D:\helper_tmp\AutoSyncFiles\Common\IR_Common\src\ird\taas2\ct\common\Ctnckdbo.java"/>
			<_6 Value="D:\Git_repo\cloud-migration\Application\Batch\IR_Batch\src\ird\taas2\batch\ir\irdsg1\IrdsgIrpb115Worker.java"/>
			<_7 Value="D:\helper_tmp\AutoSyncFiles\Online\PF_Online\WebContent\jsp\tc1576\PFM5761.jsp"/>
			<_8 Value="D:\helper_tmp\AutoSyncFiles\Online\PF_Online\config\tc1535-path.xml"/>
		</LeftMRUSpecs>
		<MRUFonts>
			<_0 Value="Consolas;10"/>
		</MRUFonts>
		<RightMRUSpecs>
			<_0 Value="D:\Git_repo\cloud-migration\Application\Common\IR_Common\src\ird\taas2\ir\model\TmpIrfusrrky.xml"/>
			<_1 Value="D:\Git_repo\cloud-migration\Application\Common\IR_Common\src\ird\taas2\ir\dao\TmpIrfusrrkyDao.java"/>
			<_2 Value="D:\Git_repo\cloud-migration\Application\Common\IR_Common\src\ird\taas2\ir\dao\impl\TmpIrfusrrkyDaoImpl.java"/>
			<_3 Value="D:\Git_repo\cloud-migration\Application\Batch\IR_Batch\src\ird\taas2\batch\ir\irdsg1\IrdsgIrpb115Worker.java"/>
			<_4 Value="D:\ccshare\jyyau_view_ClearCase_MTN\TAAS2_UAT\CloudMigration\Application\Common\IR_Common\src\ird\taas2\ct\common\Ctnckdbo.java"/>
			<_5 Value="D:\ccshare\jyyau_view_ClearCase_MTN\TAAS2_UAT\CloudMigration\Application\Batch\IR_Batch\src\ird\taas2\batch\ir\irdsg1\IrdsgIrpb115Worker.java"/>
			<_6 Value="D:\ccshare\jyyau_view_ClearCase_MTN\TAAS2_UAT\CloudMigration\Application\Online\PF_Online\WebContent\jsp\tc1576\PFM5761.jsp"/>
			<_7 Value="D:\ccshare\jyyau_view_ClearCase_MTN\TAAS2_UAT\CloudMigration\Application\Online\PF_Online\config\tc1535-path.xml"/>
			<_8 Value="D:\ccshare\jyyau_view_ClearCase_MTN\TAAS2_UAT\CloudMigration\Application\Common\IR_Common\src\ird\taas2\ct\common\model\Ctfcasz.java"/>
		</RightMRUSpecs>
		<SessionFormPosStr Value="676;231;1244;808"/>
		<ShowItemNum Value="True"/>
		<ShowRuler Value="True"/>
	</TTextCompareState>
	<TTextEditState>
		<LeftMRUSpecs>
			<_0 Value="D:\ccshare\ClearCase_View\kclai_core_view\TAAS2_DEV\PRD_Application\Batch\Batch_Common\IR_Batch_Common\src\ird\taas2\batch\ct\common\Ctpb891.java"/>
			<_1 Value="D:\ccshare\ClearCase_View\kclai_core_view\TAAS2_DEV\Application\Common\IR_Common\src\ird\taas2\pt\common\service\impl\Ptn341cImpl.java"/>
			<_2 Value="D:\ccshare\ClearCase_View\kclai_core_view\TAAS2_DEV\Application\Common\IR_Common\src\ird\taas2\ct\common\Ctn511u.java"/>
			<_3 Value="D:\EPS\Project\EPS6\Global\Resource\Table\EPS6_CONFIG.tbl.dcres"/>
			<_4 Value="D:\ccshare\ClearCase_View\kclai_core_view\TAAS2_DEV\EPS\Project\EPS6\Global\Resource\Table\EPS6_CONFIG.tbl.dcres"/>
			<_5 Value="D:\ccshare\ClearCase_View\kclai_core_view\TAAS2_DEV\Framework\TAAS2_Admin\src\ird\taas2\online\security\admin\user\ICNewRecord.java"/>
			<_6 Value="D:\EclipseWorkSpace\zClearCaseDeploymentHelper\bat_run\helper2\output\1576723687185\SourceCodeExport_EXPORT_TC_BATCH\TAAS2_DEV\Application\Batch_Common\IR_Batch_Common\src\ird\taas2\batch\ct\common\Ctpb536.java"/>
			<_7 Value="D:\ccshare\ClearCase_View\kclai_main_view\TAAS2_DEV\Application\Batch_Common\IR_Batch_Common\src\ird\taas2\batch\ct\common\Ctpb843.java"/>
			<_8 Value="D:\MyIRDProject\TC0570\K Drive\Run 2.3\3rd UAT Rerun\20150622 - All Cases\Message - eTax\eTaxFiles_org.txt"/>
		</LeftMRUSpecs>
		<MRUFonts>
			<_0 Value="Consolas;10"/>
		</MRUFonts>
	</TTextEditState>
	<TTextFindState>
		<CurSideOnly Value="False"/>
		<FindItems>
			<_0 Value="ResultMapForFetchLimit"/>
			<_1 Value="Ctchchrge.BaseResultMap"/>
			<_2 Value="TmpCtfupaaExample"/>
			<_3 Value="appPropertiesDir.replica"/>
			<_4 Value="appPropertiesDir.replica:$"/>
			<_5 Value="sysPropertiesDir"/>
			<_6 Value="jobControlTbl"/>
			<_7 Value="insertTmpPtfexcpWithPEData"/>
			<_8 Value="selectListOfRecEqualsCreateTs"/>
		</FindItems>
		<ReplaceItems>
			<_0/>
		</ReplaceItems>
		<Wrap Value="True"/>
	</TTextFindState>
	<TTextInfoState>
		<FormPosStr Value="691;296;1228;744"/>
	</TTextInfoState>
	<TTextMergeState>
		<CenterMRUSpecs>
			<_0 Value="D:\ccshare\ClearCase_View\kclai_view_mnt\TAAS2_DEV\PRD_Application\Online\Online\CT_Online\WebContent\jsp\tc0525\CTM525C.jsp"/>
		</CenterMRUSpecs>
		<LeftMRUSpecs>
			<_0 Value="D:\ccshare\ClearCase_View\kclai_view_mnt\TAAS2_DEV\PRD_Application\Online\Online\CT_Online\WebContent\jsp\tc0525\CTM525A.jsp"/>
		</LeftMRUSpecs>
		<MRUFonts>
			<_0 Value="Consolas;10"/>
		</MRUFonts>
		<RightMRUSpecs>
			<_0 Value="D:\ccshare\ClearCase_View\kclai_view_mnt\TAAS2_DEV\PRD_Application\Online\Online\CT_Online\WebContent\jsp\tc0525\CTM525B.jsp"/>
		</RightMRUSpecs>
	</TTextMergeState>
	<TTextReportState>
		<IncludeNums Value="True"/>
		<MarginBottom Value="0.166535433070866"/>
		<MarginLeft Value="0.166535433070866"/>
		<MarginRight Value="0.166535433070866"/>
		<MarginTop Value="0.166535433070866"/>
		<Orientation Value="poLandscape"/>
		<OutputFormat Value="ofHTML"/>
		<PaperSize Value="9"/>
		<Title Value="CTDAS1_CTF579DL_Compare_0303_vs_0305"/>
		<WrapMode Value="wrapWord"/>
	</TTextReportState>
	<TTipState>
		<DontShowAgain Value="[tipFastRefresh]"/>
	</TTipState>
	<TVerCompareState>
		<MRUFonts>
			<_0 Value="微軟正黑體;9;;1"/>
		</MRUFonts>
	</TVerCompareState>
</BCState>
