<?xml version="1.0" encoding="UTF-8"?>

<irdwaf-data-compare-properties>
    <data-compare-properties prefix="table-xml"><!-- Edit this part!!!!-->
        <properties>
            <property name="TableXMLPath" value="D:\\dataDump\\ird\\TableSchema\\"/><!-- create the folder to store Table XML-->
            <property name="Database" value="TADEV"/><!-- Only can use "TADEV" or "TAUAT"-->
            <property name="Schema" value="TDEV0602_TSIT0410_BACKUP"/><!-- database schema -->
<!-- database schema (use this xml value for example: if use TADEV, Schema value should be TUAT0191_C01R00_BEFORE)-->
<!-- database schema (use this xml value for example: if use TAUAT, Schema value should be TSIT0188)-->
        </properties>
        <tables>
		<!-- under this tables list, it will generate table xml and it can use to compare--> 
<table name="TBL_CTTOTPTFN"/>


        </tables>
    </data-compare-properties>

    <data-compare-properties prefix="compare-dump"><!-- Edit this part!!!!-->
        <properties>
            <property name="OldDatabase" value="TADEV"/><!-- Only can use "TADEV" or "TAUAT"-->
			<property name="OldSchema" value="TDEV0602_TSIT0410_BACKUP"/><!-- OldDatabase will relate to OldSchema-->
			<property name="NewDatabase" value="TAUAT"/><!-- Only can use "TADEV" or "TAUAT"-->
			<property name="NewSchema" value="TUAT1582_TSIT0410_BACKUP"/><!-- NewDatabase will relate to NewSchema-->
            <property name="ReportPath" value="D:\\sie\\"/><!-- The report after compare will generate in this path -->		
			
			<!-- not need to edit -->
			<property name="PageType" value="A4"/>
            <property name="System" value="COMPARE DUMP UTILITY"/>
            <property name="StartDate" value="01011900"/>
            <property name="EndDate" value="31122099"/>
            <property name="OldTableSuffix" value=""/>
            <property name="NewTableSuffix" value=""/>
            <property name="ReportFilePrefix" value=""/>
            <property name="ReportFileSuffix" value=".COMPARE"/>
            <property name="FixLength" value="Y"/>
            <property name="DataDump" value="N"/>
			<!-- not need to edit -->
        </properties>
    </data-compare-properties>

    <data-compare-properties prefix="compare-table"><!-- under below tables list, it will only compare table list mention in this place -->
        <tables>
		<!-- under this tables list, it will generate table xml and it can use to compare--> 
<table name="TBL_CTTOTPTFN"/>



        </tables>
    </data-compare-properties>
	
<!-- not need to edit -->
    <data-compare-properties prefix="combined-dump">
        <properties>
            <property name="PageType" value="A4"/>
            <property name="Database" value="TAUAT"/><!-- For UAT's tuat0001 ~ tuat0300 account, input "TAUAT"; For UAT's tuat0301 ~ tuat0XXX, input "TAUAT2" ; For DEV's account, input "TADEV"-->
            <property name="System" value="DATA DUMP UTILITY"/>
            <property name="StartDate" value="02032014"/>
            <property name="EndDate" value="03032014"/>
            <property name="Schema" value="TUAT0200"/>
            <property name="ReportFilePrefix" value="TBL_"/>
            <property name="ReportFileSuffix" value="TBL_dump"/>
            <!-- Fill Space if full dump. Or, put where clause. Example WHERE PUN >= '00000050001068' AND PUN <= '00000050001653', WHERE DP_NO_CODE = 'Z'  -->
            <property name="SqlWhereClause" value=" "/>
            <property name="ReportPath" value="D:\\SIE\\"/>
            <property name="FixLength" value="Y"/>
        </properties>
    </data-compare-properties>

    <data-compare-properties prefix="combined-table">
		<!--
    <table-level-1 name="TMP_PFAPD_PARAM" Use="key" Invisible="false">
    <table-level-2 name="TBL_BRBPBRINF" Use="key" Invisible="false" >
      <table-level-3 name="TBL_BRBPBRNCH" Use="key" Invisible="false" />
      <table-level-3 name="TBL_BRBPADDRS" Use="key" Invisible="false" />
      <table-level-3 name="TBL_BRBPOWNER" Use="key" Invisible="false" />
      <table-level-3 name="TBL_BRBPREGTN" Use="key" Invisible="false" >
        <table-level-4 name="TBL_BRBPPAYMT" Use="key" Invisible="false" />
      </table-level-3>
      <table-level-3 name="TBL_PFBPPFINF" Use="key" Invisible="false" >
        <table-level-4 name="TBL_PFBPRETRN" Use="key" Invisible="false" />
        <table-level-4 name="TBL_PFBPCHRGE" Use="useIndex3" Invisible="false" />
        <table-level-4 name="TBL_PFBPCHGRN" Use="useIndex1" Invisible="false" />
        <table-level-4 name="TBL_PFBPSETMT" Use="useIndex1" Invisible="false" />
        <table-level-4 name="TBL_PFBPCHQUE" Use="useIndex1" Invisible="false" />
        <table-level-4 name="TBL_PFBPSTATC" Use="key" Invisible="false">
          <table-level-5 name="TBL_PFBPASSMT" Use="key" Invisible="false"/> 
          <table-level-5 name="TBL_PFBPALLOC" Use="key" Invisible="false"/> 
        </table-level-4>
        <table-level-4 name="TBL_PFBPSPECS" Use="key" Invisible="false" />
        <table-level-4 name="TBL_PFBPOFNCE" Use="key" Invisible="false" />
      </table-level-3>
    </table-level-2>
    <table-level-2 name="TBL_BRHSROANT" Use="key" Invisible="false" />
    <table-level-2 name="TBL_BRHSGNOTE" Use="key" Invisible="false" />
    <table-level-2 name="TBL_BRHSNAMEH" Use="key" Invisible="false" />
    <table-level-2 name="TBL_BRHSNMNOT" Use="key" Invisible="false" />
    <table-level-2 name="TBL_BRHSCHNMH" Use="key" Invisible="false" />
    <table-level-2 name="TBL_BRHSCHRNM" Use="key" Invisible="false" />
    <table-level-2 name="TBL_BRHSCNNOT" Use="key" Invisible="false" />
    <table-level-2 name="TBL_BRHSADDRH" Use="key" Invisible="false" />
    <table-level-2 name="TBL_BRHSADNOT" Use="key" Invisible="false" />
    <table-level-2 name="TBL_BRHSNATRH" Use="key" Invisible="false" />
    <table-level-2 name="TBL_BRHSNTNOT" Use="key" Invisible="false" />
    <table-level-2 name="TBL_BRHSTYPEH" Use="key" Invisible="false" />
    <table-level-2 name="TBL_BRHSTYNOT" Use="key" Invisible="false" />
    <table-level-2 name="TBL_BRHSCOMMH" Use="key" Invisible="false" />
    <table-level-2 name="TBL_BRHSCMNOT" Use="key" Invisible="false" />
    <table-level-2 name="TBL_BRHSCESSH" Use="key" Invisible="false" />
    <table-level-2 name="TBL_BRHSCSNOT" Use="key" Invisible="false" />
    <table-level-2 name="TBL_BRHSREGTH" Use="key" Invisible="false" />
    <table-level-2 name="TBL_BRHSOWNNM" Use="key" Invisible="false" />
    <table-level-2 name="TBL_BRHSONNOT" Use="key" Invisible="false" />
    <table-level-2 name="TBL_BRHSOWNAD" Use="key" Invisible="false" />
    <table-level-2 name="TBL_BRHSOANOT" Use="key" Invisible="false" />
    <table-level-2 name="TBL_BRHSINCMH" Use="key" Invisible="false" /> 
    <table-level-2 name="TBL_BRHSINNOT" Use="key" Invisible="false" />
    <table-level-2 name="TBL_BRHSOUTGH" Use="key" Invisible="false" />
    <table-level-2 name="TBL_BRHSOUNOT" Use="key" Invisible="false" />
    <table-level-2 name="TBL_BRHSNOTES" Use="key" Invisible="false" />
    <table-level-2 name="TBL_PFASMGSTC" Use="key" Invisible="false" />
    <table-level-2 name="TBL_PFCODCOLF" Use="key" Invisible="false" />
    <table-level-2 name="TBL_EREREMPER" Use="useIndex1" Invisible="false">
      <table-level-3 name="TBL_ERERRETRN" Use="key" Invisible="false" />
      <table-level-3 name="TBL_ERERTPDTL" Use="key" Invisible="false" />
    </table-level-2>    
    <table-level-2 name="TBL_PFAMADDRH" Use="key" Invisible="false" />
    <table-level-2 name="TBL_PFRCRCBRN" Use="key" Invisible="false">
      <table-level-3 name="TBL_PFRCRCVYN" Use="key" Invisible="false">
        <table-level-4 name="TBL_PFRCRCCHG" Use="key" Invisible="false" />
        <table-level-4 name="TBL_PFRCRCSPC" Use="key" Invisible="false" />
      </table-level-3>
    </table-level-2>
    <table-level-2 name="TBL_BRHSCHIST" Use="key" Invisible="false" />
    <table-level-2 name="TBL_BRHSRHIST" Use="key" Invisible="false" />
    <table-level-2 name="TBL_BRRPRPEND" Use="key" Invisible="false">
      <table-level-3 name="TBL_BRRPRAPPL" Use="key" Invisible="false">
        <table-level-4 name="TBL_BRRPCHGTB" Use="key" Invisible="false"/>
      </table-level-3>  
    </table-level-2>
    <table-level-2 name="TBL_PFDRDREGN" Use="key" Invisible="false" />
    <table-level-2 name="TBL_CTCNBRNSE" Use="key" Invisible="false" />
    <table-level-2 name="TBL_BRAPAPSUP" Use="key" Invisible="false">
      <table-level-3 name="TBL_BRAPAMAIN" Use="key" Invisible="false" />
      <table-level-3 name="TBL_BRAPABRCH" Use="key" Invisible="false" />
      <table-level-3 name="TBL_BRAPAPOWN" Use="key" Invisible="false" />
      <table-level-3 name="TBL_BRAPANHKC" Use="key" Invisible="false" />
    </table-level-2>  
    <table-level-2 name="TBL_PFRDRDADR" Use="key" Invisible="false" />
    <table-level-2 name="TBL_PFBPWHOLD" Use="key" Invisible="false" />
    <table-level-2 name="TBL_PFASOBJCL" Use="key" Invisible="false" />
    <table-level-2 name="TBL_PFASSUSPA" Use="key" Invisible="false">
      <table-level-3 name="TBL_PFASSPDTL" Use="key" Invisible="false" />
      <table-level-3 name="TBL_PFASSBASI" Use="key" Invisible="false" />
      <table-level-3 name="TBL_PFASSPLAL" Use="key" Invisible="false" />
    </table-level-2>
    <table-level-2 name="TBL_PFTRTAXRP" Use="key" Invisible="false" />
    </table-level-1>-->
		
		<table-level-1 name="TBL_BRBPBRINF" Use="key" Invisible="false">
    </table-level-1>
    </data-compare-properties> 

</irdwaf-data-compare-properties>
<!-- not need to edit -->