<?xml version="1.0" encoding="UTF-8"?>

<irdwaf-system-properties>

  <system-properties prefix="ds"><!-- Edit this part!!!!-->
    <description>This element defines datasources</description>
    <properties>
	<!-- Edit this part!!!!-->
      <property name="userid.tadb" value="dtaols1"/>
      <property name="password.tadb" value="[PWD]wkbWGs6YlXjm8ukGaOQOuA=="/>
      <property name="userid.tadb1" value="dtabatu1"/>
      <property name="password.tadb1" value="[PWD]baNzuY1B123926fYa/WxIQ=="/>
	  <property name="url.tadb" value="jdbc:db2://10.31.90.23:50010/tadb"/>
      <property name="url.tadb1" value="jdbc:db2://10.31.77.191:50010/tadb"/>
	  
	  <property name="driver.tadb" value="com.ibm.db2.jcc.DB2Driver"/>
      <property name="driver.tadb1" value="com.ibm.db2.jcc.DB2Driver"/>
	  <property name="type.tadb" value="direct"/>
      <property name="type.tadb1" value="direct"/>
	<!-- Edit this part!!!!-->
	
	<!-- Not used-->
      <property name="userid.pidb" value="dtabatu1"/>
      <property name="password.pidb" value="[PWD]baNzuY1B123926fYa/WxIQ=="/>
      <property name="userid.midb" value="midev"/>
      <property name="password.midb" value="[PWD]LeEGEiueBhBcf/i4qmIeQA=="/>
      <property name="userid.pssdb" value="pssdev"/>
      <property name="password.pssdb" value="passw0rd"/>
      <!--property name="password.pssdb" value="[PWD]IZ+cw99vgccakgZU39W4Lw=="/-->
      <!-- For Batch -->
      <property name="driver.pidb" value="com.ibm.db2.jcc.DB2Driver"/>
      <property name="driver.midb" value="com.ibm.db2.jcc.DB2Driver"/>
      <property name="driver.pssdb" value="com.ibm.db2.jcc.DB2Driver"/> 
      <property name="url.pidb" value="jdbc:db2://10.31.89.156:60006/tadb2"/>
      <property name="url.midb" value="jdbc:db2://10.31.49.30:50030/midb"/>
      <property name="url.pssdb" value="jdbc:db2://10.31.49.23:50010/pssdb"/>
      <property name="type.pidb" value="direct"/>
      <property name="type.midb" value="direct"/>
      <property name="type.pssdb" value="direct"/>
	<!-- Not used-->
    </properties>
  </system-properties>

<!-- Not used-->  
  <system-properties prefix=" ">
    <description>This element defines J2SSH sftp properties</description>
    <properties>
      <property name="PSHost" value="irdeud01"/>
      <property name="PSUser" value="dpssftp"/>
      <property name="PSPrivateKey" value="c:\\ird\\dpssftp-private"/>
      <property name="PSpdfPath" value="d:\\"/>
      <property name="PSmrpsPath" value="/mrps/rpt"/>
    </properties>
  </system-properties>

  <system-properties prefix="pdf">
    <description>This element defines J2SSH sftp properties</description>
    <properties>
      <property name="AIX.Host" value="irdeud01"/>
      <property name="AIX.User" value="dmiftp"/>
      <property name="AIX.Path.SB.DMS" value="/reuftp/sb/outgoing/dms_test"/>
      <property name="WAS.PrivateKey" value="c:\\ird\\dmiftp-private"/>
      <property name="WAS.Path" value="d:\\temp\"/>
    </properties>
  </system-properties>

  <system-properties prefix=" "><!-- Not used-->
    <description>This element defines J2SSH sftp properties</description>
    <properties>
      <property name="PSHost" value="irdeud01"/>
      <property name="PSUser" value="dpssftp"/>
      <property name="PSPrivateKey" value="c:\\ird\\dpssftp-private"/>
      <property name="PSpdfPath" value="d:\\"/>
      <property name="PSmrpsPath" value="/mrps/rpt"/>
    </properties>
  </system-properties>
  
  <system-properties prefix=" ">
    <description>This element defines framework execution properties</description>
    <properties>
      <property name="debugLevel" value="5"/>
      <property name="messageFile" value="c:\\ird\\messages.properties"/>
      <property name="key" value=".W=I*jug92?"/>
    </properties>
  </system-properties>

  <system-properties prefix="db">
    <description>This element defines default DB schema</description>
    <properties>
      <property name="schema.tadb" value="tadev"/>
      <property name="schema.tadb1" value="tauat"/>
      <property name="schema.pidb" value="pidev"/>
      <property name="schema.midb" value="midev"/>
      <property name="schema.pssdb" value="uat00051"/>
      <property name="menuSchema" value="midev"/>
      <property name="DB.BMPServer" value="DAYSERVE"/>
    </properties>
  </system-properties>


  <system-properties prefix="url">
    <description>This element defines system URLs</description>
    <properties>
      <property name="error" value="/commonJSP/error.jsp"/>
      <property name="login" value="https://localhost:9443/IRDWEBLOGIN/security/login.jsp"/>
      <property name="logoutIC" value="https://localhost:9443/IRDWEBLOGIN/logout"/>
      <property name="logout" value="https://localhost:9443/IRDWEBLOGIN/security/logout.jsp"/>
      <property name="mainmenu" value="https://localhost:9443/IRDBASE/list/ICMenu?type=appl"/>
      <property name="submenu" value="https://localhost:9443/IRDBASE/list/ICMenu?type=cat"/>
      <property name="instruction" value="https://localhost:9443/IRDWEBLOGIN/security/instruction.jsp"/>
      <property name="bingo" value="https://localhost:9443/IRDWEBLOGIN/security/bingo.jsp"/>
      <property name="bingoForUpdate" value="https://localhost:9443/IRDWEBLOGIN/security/bingo.jsp"/>
      <property name="clearAFALSession" value="https://localhost:9443/IRDBASE/clearSession"/>
      <property name="clearWASSession" value="https://localhost:9443/IRDBASE/clearSession"/>
    </properties>
  </system-properties>


  <system-properties prefix="LDAP"><!-- Not used-->
    <description>This element defines connection to LDAP</description>
    <properties>
      <!--property name="Server" value="10.31.45.24"/-->
      <property name="Server" value="10.31.49.25"/>
      <property name="User.BaseDN" value="ou=afdev, o=ird, c=hk"/>
      <property name="BindDN" value="cn=root"/>
      <property name="BindPassword" value="[PWD]gCwOAkP+PbGqACf1GtOpgQ=="/>
    </properties>
  </system-properties>

  <system-properties prefix="DB">
    <description>This element defines DB connection to the Security manager</description>
    <properties>
      <property name="JNDIName" value="jdbc/midb"/>
      <property name="DBMSType" value="DB2"/>
      <property name="JDBCDriverName" value="com.ibm.db2.jcc.DB2Driver"/>
      <property name="JDBCNetDriverName" value=""/>
      <property name="JDBCNetURL" value=""/>
      <property name="JDBCPool" value=""/>
      <property name="JDBCURL" value="jdbc:db2://10.31.49.30:50030/midb"/>
      <property name="DataStoreType" value=""/>
      <property name="UserID" value="midev"/>
      <property name="Password" value="[PWD]LeEGEiueBhBcf/i4qmIeQA=="/>
    </properties>
  </system-properties>

  <system-properties prefix="ENTIREX">
    <description>This element defines the entireX connection to mainframe</description>
     <properties>
      <property name="User" value="DU15"/>
      <property name="Password" value="APPAPP"/>
      <property name="UserProfileSub" value="IRNAFUSR"/>
      <property name="UserGroupSub" value="IRNUSRGP"/>
      <property name="Login.BMPServer" value="IRSLOGND"/>
      <property name="DB.BMPServer" value="DAYSERV2"/>
      <property name="MIDB.BMPServer" value="DAYSERV2"/>
      <!--property name="RMIHost" value="IRDSPD02"/-->
      <property name="RMIHost" value="IRDLDD01"/>
      <property name="RMIServerName" value="rmiServer"/>
    </properties>

  </system-properties>

  <system-properties prefix="ACCOUNT">
    <description>This element defines the global properties of user accounts</description>
    <properties>
      <property name="UserPwdValidPrd" value="90"/>
      <property name="AdmPwdValidPrd" value="30"/>
      <property name="MaxFailedLoginNum" value="5"/>
      <property name="DaysToWarn" value="7"/>
      <property name="InitialPasswordChange" value="No"/>
      <property name="AdminMenu" value="ADMIN"/>
      <property name="AdminTranPrefix" value="IRSM"/>
    </properties>
  </system-properties>

  <system-properties prefix="URLCHECK">
    <description>This element defines tags for url access checking</description>
    <properties>
      <property name="ICNew" value="Y"/>
      <property name="ICSelect" value="Y"/>
      <property name="ICUpdate" value="Y"/>
<!--      <property name="ICSelect" value="N"/> -->
<!--      <property name="ICUpdate" value="N"/> -->
      <property name="FullURLDomain" value="https://*.ird.hksarg"/>
    </properties>
  </system-properties>

  <system-properties prefix="BINGO">
    <description>This element defines the probability for random selections</description>
    <properties>
      <!-- <property name="NoOfBalls.Default" value="100"/> -->
      <!-- For Bingo Test -->
      <property name="NoOfBalls.Default" value="100"/>
      <!-- -->
      <property name="NoOfBalls.userID" value="5"/>
      <property name="NoOfBalls.IRSM0003" value="99999"/>
      <property name="Update.CTOE0001" value="Y"/>
      <property name="Update.CTOE0002" value="Y"/>
      <property name="JSPBingoFieldName" value="bingoField"/>
      <property name="PageWidth" value="620"/>
      <property name="PageHeigth" value="500"/>
      <property name="PageLeft" value="10"/>
      <property name="PageTop" value="10"/>
    </properties>
  </system-properties>

  <system-properties prefix="DBswitch"><!-- Not used-->
    <description>This element controls the on/off of database</description>
    <properties>
      <property name="eudb" value="on"/>
      <property name="pidb" value="on"/>
      <property name="midb" value="on"/>
    </properties>
  </system-properties>

  <system-properties prefix="TPIAS"><!-- Not used-->
    <description>This element defines properties for integration with TP IAS</description>
    <properties>
      <property name="KeyStore" value="C:\\ird\\afaluattp.p12"/>
      <property name="KeyStore.Name" value="afaluattpkey"/>
      <property name="KeyStore.Password" value="password"/>
      <property name="KeyStore.Type" value="PKCS12"/>
      <property name="KeyStore.JCEProvider" value="IBMJCE"/>
      <!--property name="IAS.RedirectionURL" value="https://localhost/IRDBASE/TPReceiver"/-->
      <property name="IAS.RedirectionURL" value="https://irdtpdwia01.ird.hksarg/ias/jsp/LoggedInPage.jsp"/>
    </properties>
  </system-properties>

  <system-properties prefix="YRAPI"><!-- Not used-->
    <description>This element defines properties for YRAPI</description>
    <properties>
      <property name="Log.Level" value="9"/>
      <property name="Log.Location" value="C:\\YRAPIlog"/>
      <property name="Log.Location.Default" value="C:\\YRAPIlog\\default"/>
      <property name="Log.Location.AFUAT" value="C:\\YRAPIlog\\afuat"/>
    </properties>
  </system-properties>

  <system-properties prefix="AFALBATCH"><!-- Not used-->
    <description>This element defines batch program triggering WAS Servlet properties</description>
    <properties>
      <property name="BatchServletPWD" value="abc"/>
	  <!-- WASUAT -->
      <property name="BatchWASIP" value="http://10.31.49.64:8080"/>
	  <!-- Local -->
	  <property name="BatchWASIP" value="http://10.31.84.104:9080"/>
    </properties>
  </system-properties>

  <system-properties prefix="BATCH"><!-- Not used-->
    <description>This element defines batch program triggering WAS Servlet properties</description>
    <properties>
      <property name="BatchServletPWD" value="abc"/>
      <property name="BatchWASIP" value="https://10.31.84.104:9443"/>
    </properties>
  </system-properties>


  <system-properties prefix="healthCheck"><!-- Not used-->
    <description>This element define which parts of the system need health check</description>
    <properties>
      <property name="server_name" value="AFAL_SVR"/>
      <property name="system.log.path" value="P:\\AFAL_SVR\\"/>
      <property name="MI.checkList" value="eudb,midb,pidb,pssdb,j2ssh,AFAL_Server"/>
      <property name="dbName" value="midb,eudb,pidb,pssdb"/>
      <property name="db.eudb" value="ird.common.systemcheck.EUDBHealthChecker"/>
      <property name="db.midb" value="ird.common.systemcheck.MIDBHealthChecker"/>
      <property name="db.pidb" value="ird.common.systemcheck.PIDBHealthChecker"/>
      <property name="db.pssdb" value="ird.common.systemcheck.PSSDBHealthChecker"/>
      <property name="PSJ2SSH.used" value="N"/>
      <property name="timeout" value="3000"/>
    </properties>
  </system-properties>

  <system-properties prefix="UnicodeCheck"><!-- Not used-->
    <description>This element define the code point files used for validation of unicode</description>
    <properties>
      <property name="Enabled" value="Y"/>
      <property name="CurrentVersion" value="2.1"/>
      <property name="ValidationFilePath" value="c:\\ird\\rm\\validation\\"/>
      <property name="ConversionFilePath" value="c:\\ird\\rm\\conversion\\"/>
      <property name="SameIdeology" value="SameIdeology.properties"/>
      <property name="Big5Set" value="Big5\\ISO10646-2000\\Big5Set.txt"/>
      <property name="HKSCSSet" value="HKSCS-2001\\ISO10646-2000\\HKSCSSet.txt"/>
      <property name="CPSet" value="HKSCS-2001\\ISO10646-2000\\HKSCSCPSet.txt"/>
      <property name="IncludeSet" value="HKSCS-2001\\CUSTOM\\AdditionalSet.txt"/>
      <property name="ExcludeSet" value="HKSCS-2001\\CUSTOM\\UserExcludeSet.txt"/>
      <property name="U2ToU3MapFile" value="Unicode2To3.properties"/>
      <property name="U3ToU2MapFile" value="Unicode3To2.properties"/>
      <property name="U30ToU31MapFile" value="Unicode30To31.properties"/>
      <property name="U31ToU30MapFile" value="Unicode31To30.properties"/>
    </properties>
  </system-properties>

  <system-properties prefix="FontPath"><!-- Not used-->
    <description>This element contains the path of IRD font files</description>
    <properties>
      <property name="MINGLIU" value="C:\\IRDFont\\"/>
      <property name="IRDMing" value="C:\\IRDFont\\"/>
      <property name="ADVI25C_" value="C:\\IRDFont\\"/>
    </properties>
  </system-properties>

</irdwaf-system-properties>
<!-- Not used-->  