<?xml version="1.0" encoding="UTF-8" ?>
<!--Check in version of WAS_PRD,05-02-17,bhssham:3:0F4sjrAyxXSUpkJnizGIrX5iMoGcrJmk6HVM6jhRWOc=-->
<!DOCTYPE sqlMap PUBLIC "-//ibatis.apache.org//DTD SQL Map 2.0//EN" "http://ibatis.apache.org/dtd/sql-map-2.dtd" >
<sqlMap namespace="Brhsoutgh" >
  <resultMap id="BaseResultMap" class="ird.taas2.br.model.Brhsoutgh" >
    <result column="BRN" property="brn" jdbcType="INTEGER" />
    <result column="OWNER_ID" property="ownerId" jdbcType="CHAR" />
    <result column="UPDATE_TS" property="updateTsA" jdbcType="TIMESTAMP" />
    <result column="USER_ID" property="userId" jdbcType="CHAR" />
    <result column="OUTGOING_DATE" property="outgoingDate" jdbcType="DATE" />
    <result column="NOTE_IND" property="noteInd" jdbcType="CHAR" />
    <result column="SUPP_PRINT_IND" property="suppPrintInd" jdbcType="CHAR" />
  </resultMap>
  
  <resultMap id="BaseResultMapWithNote" class="ird.taas2.br.model.BrhsoutghWithNote" >
    <result column="BRN" property="brn" jdbcType="INTEGER" />
    <result column="OWNER_ID" property="ownerId" jdbcType="CHAR" />
    <result column="UPDATE_TS" property="updateTs" jdbcType="TIMESTAMP" />
    <result column="USER_ID" property="userId" jdbcType="CHAR" />
    <result column="OUTGOING_DATE" property="outgoingDate" jdbcType="DATE" />
    <result column="NOTE_IND" property="noteInd" jdbcType="CHAR" />
    <result column="SUPP_PRINT_IND" property="suppPrintInd" jdbcType="CHAR" />
  </resultMap>
  
  <sql id="Base_Column_List" >
    BRN, OWNER_ID, UPDATE_TS, USER_ID, OUTGOING_DATE, NOTE_IND, SUPP_PRINT_IND
  </sql>
 <sql id="whereConditionByDateRange">
		<dynamic prepend="WHERE ">
			<isPropertyAvailable prepend=" and " property="brn">
				BRN = #brn:INTEGER#
			</isPropertyAvailable>
			<isPropertyAvailable prepend=" and " property="ownerId">
				OWNER_ID = #ownerId:CHAR#
			</isPropertyAvailable>
			<isPropertyAvailable prepend=" and " property="frmUpdateTs">
				UPDATE_TS &gt;= #frmUpdateTs:TIMESTAMP#
			</isPropertyAvailable>
			<isPropertyAvailable prepend=" and " property="toUpdateTs">
				UPDATE_TS &lt;= #toUpdateTs:TIMESTAMP#
			</isPropertyAvailable>
				AND OUTGOING_DATE IS NOT NULL
			<isPropertyAvailable property="limitRec">
				FETCH FIRST $limitRec$ ROWS ONLY
			</isPropertyAvailable>
		</dynamic>
	</sql>
	
	<sql id="dateRangeWithNullOutDateInclusive">
		<dynamic prepend="WHERE ">
			<isPropertyAvailable prepend=" and " property="brn">
				BRN = #brn:INTEGER#
			</isPropertyAvailable>
			<isPropertyAvailable prepend=" and " property="ownerId">
				OWNER_ID = #ownerId:CHAR#
			</isPropertyAvailable>
			<isPropertyAvailable prepend=" and " property="frmUpdateTs">
				UPDATE_TS &gt;= #frmUpdateTs:TIMESTAMP#
			</isPropertyAvailable>
			<isPropertyAvailable prepend=" and " property="toUpdateTs">
				UPDATE_TS &lt;= #toUpdateTs:TIMESTAMP#
			</isPropertyAvailable>
		</dynamic>
	</sql>
	
	<sql id="dateWithNullOutDateInclusive">
		<dynamic prepend="WHERE ">
			<isPropertyAvailable prepend=" and " property="brn">
				BRN = #brn:INTEGER#
			</isPropertyAvailable>
			<isPropertyAvailable prepend=" and " property="ownerId">
				OWNER_ID = #ownerId:CHAR#
			</isPropertyAvailable>
			<isPropertyAvailable prepend=" and " property="updateTs">
				UPDATE_TS = #updateTs:TIMESTAMP#
			</isPropertyAvailable>
		</dynamic>
	</sql>
	
	<sql id="whereConditionByDate">
		<dynamic prepend="WHERE ">
			<isPropertyAvailable prepend=" and " property="brn">
				BRN = #brn:INTEGER#
			</isPropertyAvailable>
			<isPropertyAvailable prepend=" and " property="ownerId">
				OWNER_ID = #ownerId:CHAR#
			</isPropertyAvailable>
			<isPropertyAvailable prepend=" and " property="updateTs">
				UPDATE_TS = #updateTs:TIMESTAMP#
			</isPropertyAvailable>
				AND OUTGOING_DATE IS NOT NULL		
		</dynamic>
	</sql>
  
  <sql id="generalWhereCondition">
 	<dynamic prepend="WHERE ">
	 <isPropertyAvailable prepend=" and " property="brn">
		BRN = #brn:INTEGER#
	 </isPropertyAvailable>
	 <isPropertyAvailable prepend=" and " property="ownerId">
		OWNER_ID = #ownerId:CHAR#
	 </isPropertyAvailable>
		 <isPropertyAvailable prepend=" and " property="frmUpdateTs">
		date(UPDATE_TS) &gt;=  #frmUpdateTs:TIMESTAMP#
	 </isPropertyAvailable>
	  <isPropertyAvailable prepend=" and " property="toUpdateTs">
		date(UPDATE_TS) &lt;=  #toUpdateTs:TIMESTAMP#
	 </isPropertyAvailable>
	</dynamic>
  </sql>
  
  <select id="selectByPrimaryKey" resultMap="BaseResultMap" parameterClass="map" >
    select 
    <include refid="Brhsoutgh.Base_Column_List" />
    from TBL_BRHSOUTGH
    where BRN = #brn:INTEGER#
      and OWNER_ID = #ownerId:CHAR#
      and UPDATE_TS = #updateTs:TIMESTAMP#
  </select>
 <select id="selectByKeysWithDateRange" resultMap="BaseResultMap"
	parameterClass="map">
	select
	<include refid="Base_Column_List" />
	from
	TBL_BRHSOUTGH
	<include refid="whereConditionByDateRange" />
  </select>
  
  <select id="selectByDateRangeWithNullOutDateInclusive" resultMap="BaseResultMap"
	parameterClass="map">
	select
	<include refid="Base_Column_List" />
	from
	TBL_BRHSOUTGH
	<include refid="dateRangeWithNullOutDateInclusive" />
  </select>
  
  <select id="selectByDateWithNullOutDateInclusive" resultMap="BaseResultMap"
	parameterClass="map">
	select
	<include refid="Base_Column_List" />
	from
	TBL_BRHSOUTGH
	<include refid="dateWithNullOutDateInclusive" />
  </select>

  <select id="selectByKeysWithDate" resultMap="BaseResultMap"
	parameterClass="map">
	select
	<include refid="Base_Column_List" />
	from
	TBL_BRHSOUTGH
	<include refid="whereConditionByDate" />
  </select>
  
  <select id="selectByParam" resultMap="BaseResultMap" parameterClass="map">
  	select <include refid="Base_Column_List" /> from TBL_BRHSOUTGH
  	<include refid="generalWhereCondition" />
  	order by BRN, OWNER_ID, UPDATE_TS
  </select>
  
  <insert id="insert" parameterClass="ird.taas2.br.model.Brhsoutgh" >
    insert into TBL_BRHSOUTGH (BRN, OWNER_ID, UPDATE_TS, USER_ID, OUTGOING_DATE, 
      NOTE_IND, SUPP_PRINT_IND)
    values (#brn:INTEGER#, #ownerId:CHAR#, #updateTsA:TIMESTAMP#, #userId:CHAR#, #outgoingDate:DATE#, 
      #noteInd:CHAR#, #suppPrintInd:CHAR#)
  </insert>
  
  <insert id="insertSelective" parameterClass="ird.taas2.br.model.Brhsoutgh" >
    insert into TBL_BRHSOUTGH
    <dynamic prepend="(" >
      <isNotNull prepend="," property="brn" >
        BRN
      </isNotNull>
      <isNotNull prepend="," property="ownerId" >
        OWNER_ID
      </isNotNull>
      <isNotNull prepend="," property="updateTsA" >
        UPDATE_TS
      </isNotNull>
      <isNotNull prepend="," property="userId" >
        USER_ID
      </isNotNull>
      <isNotNull prepend="," property="outgoingDate" >
        OUTGOING_DATE
      </isNotNull>
      <isNotNull prepend="," property="noteInd" >
        NOTE_IND
      </isNotNull>
      <isNotNull prepend="," property="suppPrintInd" >
        SUPP_PRINT_IND
      </isNotNull>
      )
    </dynamic>
    values
    <dynamic prepend="(" >
      <isNotNull prepend="," property="brn" >
        #brn:INTEGER#
      </isNotNull>
      <isNotNull prepend="," property="ownerId" >
        #ownerId:CHAR#
      </isNotNull>
      <isNotNull prepend="," property="updateTsA" >
        #updateTsA:TIMESTAMP#
      </isNotNull>
      <isNotNull prepend="," property="userId" >
        #userId:CHAR#
      </isNotNull>
      <isNotNull prepend="," property="outgoingDate" >
        #outgoingDate:DATE#
      </isNotNull>
      <isNotNull prepend="," property="noteInd" >
        #noteInd:CHAR#
      </isNotNull>
      <isNotNull prepend="," property="suppPrintInd" >
        #suppPrintInd:CHAR#
      </isNotNull>
      )
    </dynamic>
  </insert>
  <update id="updateByPrimaryKeySelective" parameterClass="ird.taas2.br.model.Brhsoutgh" >
    update TBL_BRHSOUTGH
    <dynamic prepend="set" >
      <isNotNull prepend="," property="userId" >
        USER_ID = #userId:CHAR#
      </isNotNull>
      <isNotNull prepend="," property="outgoingDate" >
        OUTGOING_DATE = #outgoingDate:DATE#
      </isNotNull>
      <isNotNull prepend="," property="noteInd" >
        NOTE_IND = #noteInd:CHAR#
      </isNotNull>
      <isNotNull prepend="," property="suppPrintInd" >
        SUPP_PRINT_IND = #suppPrintInd:CHAR#
      </isNotNull>
    </dynamic>
    where BRN = #brn:INTEGER#
      and OWNER_ID = #ownerId:CHAR#
      and UPDATE_TS = #updateTsA:TIMESTAMP#
  </update>
  <update id="updateByPrimaryKey" parameterClass="ird.taas2.br.model.Brhsoutgh" >
    update TBL_BRHSOUTGH
    set USER_ID = #userId:CHAR#,
      OUTGOING_DATE = #outgoingDate:DATE#,
      NOTE_IND = #noteInd:CHAR#,
      SUPP_PRINT_IND = #suppPrintInd:CHAR#
    where BRN = #brn:INTEGER#
      and OWNER_ID = #ownerId:CHAR#
      and UPDATE_TS = #updateTsA:TIMESTAMP#
  </update>
  <delete id="deleteByParm" parameterClass="map">
	  delete FROM TBL_BRHSOUTGH
	  WHERE BRN = #brn:INTEGER#
	  and OWNER_ID = #ownerId:CHAR#
  </delete>
  
  <delete id="deleteByPrimaryKey" parameterClass="map">
	  delete FROM TBL_BRHSOUTGH
	  WHERE BRN = #brn:INTEGER#
	  and OWNER_ID = #ownerId:CHAR#
	  and UPDATE_TS = #updateTs:TIMESTAMP#
  </delete>
  
  <select id="countByDateRange" resultClass="java.lang.Integer"
	parameterClass="map">
	select
		count(1)
	from
		TBL_BRHSOUTGH
	<include refid="whereConditionByDateRange" />
  </select>
  
  <select id="selectByParamWithNote" resultMap="BaseResultMapWithNote" parameterClass="map">
  	select <include refid="Base_Column_List" /> from TBL_BRHSOUTGH
  	<include refid="generalWhereCondition" />
  	order by BRN, OWNER_ID, UPDATE_TS
  </select>
  
  <insert id="insertPlusUpdateTs" parameterClass="map" >
  	insert into TBL_BRHSOUTGH (
  	select BRN, #newPrn:CHAR# as OWNER_ID, UPDATE_TS + #numOfMicrosecond:INTEGER# microsecond as UPDATE_TS, USER_ID, OUTGOING_DATE, NOTE_IND, SUPP_PRINT_IND
  	from TBL_BRHSOUTGH where brn = #brn:INTEGER# and owner_id = #oldPrn:CHAR# and update_ts = #updateTs:TIMESTAMP#
	)
  </insert>
  
   <select id="selectRecordListForBrndmsc1" resultMap="BaseResultMap" parameterClass="map" >
    select 
    <include refid="Brhsoutgh.Base_Column_List" />
    from TBL_BRHSOUTGH
    where BRN = #brn:INTEGER#
      and OWNER_ID = #ownerId:CHAR#
      and SUPP_PRINT_IND = '0'
      ORDER BY UPDATE_TS
  </select>
</sqlMap>
